project_code,project_name,sector,approval_date,original_cost,original_doc,anticipated_cost,anticipated_doc,expenditure,event,report_month
,1 NORTH TISRA EXPANSION,COAL,2014-02,555.52,2021-03,555.52,2021-03,291.95,completed,2024-04
,2 JAYANT EXPANSION,COAL,2017-05,10.0,2021-03,20.0,2023-10,1390.64,completed,2024-04
,"3 RESIDENTIAL HAL,BANGLORE",DEFENCE PRODUCTION,2016-12,246.31,2020-02,195.0,2023-03,185.84,completed,2024-04
,4 CITY GAS DISTRIBUTION NETWORK BHUBANESHWAR,PETROLEUM,2017-07,243.53,2022-07,243.53,2024-03,217.42,completed,2024-04
,"5 CITY GAS DISTRIBUTION NETWORK, CUTTACK",PETROLEUM,2017-07,182.2,2022-07,182.2,2024-03,144.55,completed,2024-04
,6 KOCHI SALEM,PETROLEUM,2015-12,1112.0,2019-06,1507.24,2025-02,1157.07,completed,2024-04
,7 CITY GAS DISTRIBUTION NETWORK PATNA,PETROLEUM,2017-10,359.25,2022-10,359.25,2024-03,293.6,completed,2024-04
,"8 CITY GAS DISTRIBUTION NETWORK, RANCHI",PETROLEUM,2017-10,226.45,2022-10,226.45,2024-03,257.39,completed,2024-04
,9 SUSTAINED GANDHAR FIELDS COMPRESSOR,PETROLEUM,2018-09,225.54,2021-02,247.9,2024-04,240.53,completed,2024-04
,10 HPOIL GAS PVT Joint Venture,PETROLEUM,2018-02,307.0,2025-03,307.0,2025-03,14.23,completed,2024-04
,11 HPOIL GAS PVT Joint Venture,PETROLEUM,2018-03,334.0,2025-05,334.0,2025-05,0.93,completed,2024-04
,12 CITY GAS DISTRIBUTION PROJECT AT,PETROLEUM,2019-04,332.38,2028-09,332.38,2028-09,99.49,completed,2024-04
,"13 CITY GAS DISTRIBUTION,",PETROLEUM,2017-10,221.45,2022-10,221.45,2025-03,237.03,completed,2024-04
,14 CITY GAS DISTRIBUTION,PETROLEUM,2019-03,3450.2,2029-03,3450.2,2029-03,1962.02,completed,2024-04
,15 CITY GAS DISTRIBUTION GEOGRAPHICAL (EAAA) AND,PETROLEUM,2018-09,520.0,2026-09,520.0,2026-09,468.39,completed,2024-04
,16 Setting up of Ethanol Refinery,PETROLEUM,2019-08,1607.0,2022-08,1607.0,2024-03,1085.97,completed,2024-04
,17 30 INCH CRUDE BARAUNI SECTION CONVERSION,PETROLEUM,2018-03,3712.0,2022-09,3696.0,2024-03,18.0,completed,2024-04
,18 MONIGRAM-,RAILWAYS,2012-04,250.93,2024-02,259.23,,603.03,completed,2024-04
,"19 MUNEERABAD- MAHABOOBNAGAR(NL),SCR",RAILWAYS,1997-04,1723.0,2000-03,3381.68,2023-02,2532.19,completed,2024-04
,20 MULTI MODAL SYSTEM(MMTS),RAILWAYS,2012-04,632.68,2016-03,1169.23,2024-03,1094.53,completed,2024-04
,21 ROSA-SITAPUR DOUBLING,RAILWAYS,2015-03,1295.42,2022-03,2560.0,2024-02,2262.57,completed,2024-04
,22 MAU-GHAZIPUR-TARIGHAT,RAILWAYS,2015-04,1765.92,2023-03,1765.92,2024-12,1687.89,completed,2024-04
,23 BANASPANI-,RAILWAYS,2009-03,942.95,2019-03,2133.54,2023-12,1918.7,completed,2024-04
,24 LUCKNOW- PILIBHIT LAKHIMPUR,RAILWAYS,2011-04,927.01,2019-03,1457.79,2024-03,1684.0,completed,2024-04
,25 FLYOVER AT ANUPPUR) 10 ITEM RATE,RAILWAYS,2006-06,303.59,2024-03,303.59,2024-03,10.0,completed,2024-04
,26 BUDNI-BARKHERA,RAILWAYS,2012-04,991.6,2024-02,2097.0,2023-12,1775.59,completed,2024-04
,27 Rampurhat-Murarai ITEM RATE,RAILWAYS,2014-10,218.03,2024-03,218.03,2023-12,67.14,completed,2024-04
,28 INDORE-DEWAS-UJJAIN,RAILWAYS,2016-04,700.0,2020-06,603.69,2023-12,735.16,completed,2024-04
,29 MANIYACHI DOUBLING,RAILWAYS,2015-02,1700.0,2022-03,1752.25,2023-12,1675.56,completed,2024-04
,30 4-LANNING OF 422.700-510.00),ROAD TRANSPORT AND HIGHWAYS,2016-11,1064.88,2021-07,1021.0,2024-03,958.51,completed,2024-04
,31 PATRADEVI,ROAD TRANSPORT AND HIGHWAYS,2017-03,634.32,2020-05,634.32,2023-01,654.85,completed,2024-04
,32 CONSTRUCTION CONTROLLED CARRIAGEWAY VILLAGE TO,ROAD TRANSPORT AND HIGHWAYS,2019-10,743.88,2021-12,743.89,2024-04,832.0,completed,2024-04
,33 REHABILITATION NH 78 FROM KUNKURI TO,ROAD TRANSPORT AND HIGHWAYS,2017-03,423.79,2018-01,423.79,2023-12,597.946,completed,2024-04
,34 FOUR LANNING FAIZABAD SECTION KM 107.680 OF HAM(Hybrid Annuity,ROAD TRANSPORT AND HIGHWAYS,2021-03,1980.0,2023-03,1980.0,2023-12,47.93,completed,2024-04
,35 MEDSHI (KM 92.200) OF NH-161 EPC,ROAD TRANSPORT AND HIGHWAYS,2018-02,1061.29,2021-10,683.1,2023-05,685.97,completed,2024-04
,36 CHAKUR LOHA FROM KM 114.600 HAM(Hybrid Annuity,ROAD TRANSPORT AND HIGHWAYS,2018-03,1241.38,2023-03,2122.64,2024-04,187.8,completed,2024-04
,37 4L OF AUSA-CHAKUR 55.835 TO KM HAM(Hybrid Annuity,ROAD TRANSPORT AND HIGHWAYS,2018-03,1169.04,2021-03,1693.95,2024-04,114.345,completed,2024-04
,38 4L OF AKOLA KM. 47.70 OF BYPASSES AT EPC,ROAD TRANSPORT AND HIGHWAYS,2019-12,0.0,2022-11,1393.95,2023-09,527.13,completed,2024-04
,39 4L OF SHAMLI SECTION OF EPC,ROAD TRANSPORT AND HIGHWAYS,2020-06,1621.07,2022-10,1621.07,2024-04,1679.63,completed,2024-04
,40 BALANCE WORK TINDIVANAM 37.600 TO 219.782 RATE,ROAD TRANSPORT AND HIGHWAYS,2019-05,602.57,2021-07,548.89,2024-02,219.782,completed,2024-04
,41 8L OF GUDUVANCHERY MARAIMALAI SINGAPERUMAL Joint Venture,ROAD TRANSPORT AND HIGHWAYS,2020-12,230.69,2022-02,230.69,2023-07,197.46,completed,2024-04
,42 4 LANING OF KATGHORA KM.0.000 TO (Hybrid Annuity),ROAD TRANSPORT AND HIGHWAYS,2021-02,999.97,2024-01,999.97,2024-09,948.58,completed,2024-04
,43 WIDENING FROM LANE WITH PAVED 34/000 TO 49/000 FOUR EPC,ROAD TRANSPORT AND HIGHWAYS,2022-02,184.15,2022-08,184.15,2024-08,193.12,completed,2024-04
,44 4L+PS OF BEAWAR-ASIND 30.00 TO KM WORLD BANK.,ROAD TRANSPORT AND HIGHWAYS,2020-08,216.72,2022-12,216.72,2024-03,133.45,completed,2024-04
,45 TULUNGIA-JOGIGHOPA-PAIKAN EPC,ROAD TRANSPORT AND HIGHWAYS,2021-03,636.42,2022-12,418.49,2024-01,474.28,completed,2024-04
,46 KARGIL-ZANSKR EPC,ROAD TRANSPORT AND HIGHWAYS,2021-01,308.86,2024-06,308.86,2023-12,163.62,completed,2024-04
,47 KARGIL-ZANSKR EPC,ROAD TRANSPORT AND HIGHWAYS,2021-01,239.81,2024-05,239.81,2023-12,145.12,completed,2024-04
,48 CONSTRUCTION POTIN TO PANGIN FROM KM 247.05 EPC,ROAD TRANSPORT AND HIGHWAYS,2019-03,2.0,2027-03,560.39,2027-03,284.92,completed,2024-04
,49 REHABILITATION ROAD FROM 25.250 OF KAILASHAHAR-KURTI EPC,ROAD TRANSPORT AND HIGHWAYS,2020-03,178.43,2022-07,208.74,2023-10,11.8,completed,2024-04
,50 REHABILITATION ROAD FROM 11.800 OF KAILASHAHAR-KURTI EPC,ROAD TRANSPORT AND HIGHWAYS,2020-03,154.51,2022-07,154.51,2023-08,0.0,completed,2024-04
,51 2-LANING FROM EPC,ROAD TRANSPORT AND HIGHWAYS,2020-03,247.76,2022-01,251.89,2023-08,118.7,completed,2024-04
,52 REHABILATION LANE WITH PAVED CONFIGURATION SECTION (K,ROAD TRANSPORT AND HIGHWAYS,2020-08,2.0,2022-11,196.23,2024-03,130.13,completed,2024-04
,53 PACKAGE-25 EIGHTLANE EXPRESSWAY MIYATI VILLAGE,ROAD TRANSPORT AND HIGHWAYS,2019-02,996.27,2022-03,996.27,2024-04,1195.72,completed,2024-04
,54 PACKAGE-23 VADODARA CONTROLLED BAWDI VILLAG,ROAD TRANSPORT AND HIGHWAYS,2019-03,1047.0,2020-05,1047.0,2024-04,1253.89,completed,2024-04
,55 PACKAGE-24 EIGHTLANE EXPRESSWAY RANNI VILLAGE,ROAD TRANSPORT AND HIGHWAYS,2019-02,847.0,2022-03,847.0,2024-04,966.25,completed,2024-04
,56 PACKAGE-21 EIGHTLANE EXPRESSWAY KAMLIYA VILLAGE,ROAD TRANSPORT AND HIGHWAYS,2019-02,990.97,2021-12,990.97,2024-04,1283.46,completed,2024-04
,57 CONSTRUCTION CONTROLLED CARRIAGEWAY BANI VILLA,ROAD TRANSPORT AND HIGHWAYS,2017-12,1094.97,2022-02,1094.97,2024-02,1387.21,completed,2024-04
,58 KARASWADA,ROAD TRANSPORT AND HIGHWAYS,2017-03,852.67,2019-12,769.2,2024-04,463.26,completed,2024-04
,59 TWO LANING MEENSURUTTI CHIDAMBARM N,ROAD TRANSPORT AND HIGHWAYS,2018-03,633.55,2023-09,883.21,2024-01,265.12,completed,2024-04
,60 4-LANNING OF SECTION OF KM. 82.209) IN,ROAD TRANSPORT AND HIGHWAYS,2016-11,446.17,2019-03,356.62,2024-04,43.4,completed,2024-04
,61 FOUR LANING ROAD FROM 152.490 (EXISTING,ROAD TRANSPORT AND HIGHWAYS,2016-03,396.52,2019-08,396.52,2023-12,1.0,completed,2024-04
,62 REHABILITATION NH 216 FROM RAIGARH TO,ROAD TRANSPORT AND HIGHWAYS,2014-12,496.02,2015-03,496.02,2015-03,90.46,completed,2024-04
